sample	unique_asisi_sites	mean_breaks_per_asisi	mean_merged_breakends
Sample1	0	0	1.01388
Sample2	0	0	1.0129
Sample3	1	1	1.01303
Sample4	0	0	1.01622
Sample5	0	0	1.01231
Sample6	0	0	1.0128
Sample7	0	0	1.01087
Sample8	0	0	1.01396
Sample9	4	1.25	1.01844
Sample10	2	5	1.01265
Sample11	3	3.33333	1.01071
Sample12	2	2.5	1.01373
Sample13	1	2	1.01523
Sample14	3	2.33333	1.01062
Sample15	4	3.75	1.0125
Sample16	3	6	1.01269
